TimeStamp;GazeX;GazeY;TimeStampWindows
862564183,942838;280,377763507785;173,592530715798;13:29:00.278
862564197,689735;258,348716974189;150,201664423831;13:29:00.281
862564211,57348;247,554145575876;134,475028582347;13:29:00.294
862564227,689144;226,671503854193;100,359734908128;13:29:00.31
862564242,815221;223,722194656022;95,8569245711133;13:29:00.325
862564256,581789;215,953163556344;80,4031125298566;13:29:00.339
862564272,665807;212,790463768617;70,2178118736886;13:29:00.355
862564287,541279;228,788604376077;57,1677667613681;13:29:00.37
862564301,42588;228,070691945951;57,5025524261173;13:29:00.384
862564333,444666;228,448647513834;64,1238908533119;13:29:00.416
862564346,262273;225,770706056532;61,1085611428427;13:29:00.428
862564362,345863;228,675441328766;57,5362438078719;13:29:00.445
862564377,403515;218,107328003485;31,3285253970181;13:29:00.46
862564391,253476;217,889450189884;32,9482784612756;13:29:00.474
862564407,346475;237,223115482493;51,0307011200535;13:29:00.49
862564422,335702;245,55238802688;50,6105684686774;13:29:00.505
862564436,549168;265,222849682019;43,0404403876327;13:29:00.519
862564452,405675;281,203986718599;38,0738572376269;13:29:00.535
862564482,467522;302,975463343832;67,6724915083989;13:29:00.565
862564497,459743;305,035891758957;54,8368899915559;13:29:00.581
862564512,752604;326,340932523013;85,4864125262592;13:29:00.596
862564526,403706;334,184370365431;104,631636094441;13:29:00.609
862564542,618586;340,395753177538;112,49394954279;13:29:00.625
862564557,802395;345,982634936308;124,400498778455;13:29:00.64
862564572,114649;345,896650861168;117,756817934611;13:29:00.655
862564587,995532;342,465555330426;109,103648860698;13:29:00.671
862564603,42182;342,201867454503;109,217781037988;13:29:00.686
862564633,531565;339,444338070369;101,307400825383;13:29:00.716
862564647,827995;340,945266707527;98,2461689090795;13:29:00.732
862564660,994139;339,154865223441;94,4648905404124;13:29:00.744
862564692,626326;343,998477237222;96,8910532740893;13:29:00.775
862564706,1842;355,363366730653;101,495993978962;13:29:00.789
862564722,723241;383,737392499376;81,1764438087938;13:29:00.805
862564737,810829;407,057719161529;50,6451281263378;13:29:00.821
862564751,112966;412,890481793301;47,2948300880458;13:29:00.834
862564783,80616;424,173075829172;47,897680119295;13:29:00.867
862564796,706304;447,740820441118;74,4048070471457;13:29:00.879
862564812,477281;454,536585170784;73,2118067527524;13:29:00.895
862564828,001502;469,826392239812;86,1034556462199;13:29:00.911
862564841,577765;505,860851060197;103,374606992644;13:29:00.925
862564857,684449;517,160938641308;108,226267176043;13:29:00.941
862564873,107744;513,009513973737;107,849072626532;13:29:00.956
862564886,359846;520,976709946477;112,242103196467;13:29:00.969
862564902,63588;542,829976647817;116,34615652439;13:29:00.985
862564932,036149;541,779887862023;110,039959814252;13:29:01.015
862564947,80627;543,017867288788;108,922516107873;13:29:01.031
862564962,642825;545,635476667817;110,897964486053;13:29:01.045
862564976,119017;546,697988197065;98,7855810245831;13:29:01.059
862564993,007023;504,467538561821;98,3638084774806;13:29:01.076
862565007,946215;454,981092503176;99,2841019939815;13:29:01.091
862565021,698671;335,429771699181;108,316330573244;13:29:01.104
862565037,910557;328,40645724573;109,970732979651;13:29:01.121
862565052,843762;291,642436651737;113,073197470333;13:29:01.135
862565083,589854;112,27644077416;127,003120960563;13:29:01.167
862565097,863618;108,965928600465;124,001537547609;13:29:01.181
862565110,751788;108,211011870142;122,632528760765;13:29:01.194
862565127,768517;96,3259563320257;115,167293560141;13:29:01.211
862565142,926667;95,951219467679;117,861158893607;13:29:01.225
862565156,206567;96,6181985434547;118,220554818635;13:29:01.241
862565172,700276;97,1745998879702;118,813697089776;13:29:01.255
862565187,778028;96,2884925399871;120,365075456933;13:29:01.271
862565201,054078;96,4500556275288;121,234407820804;13:29:01.284
862565233,871292;94,1891359730616;128,164689374923;13:29:01.317
862565246,097455;95,1434123827083;136,185509185433;13:29:01.329
862565262,835782;102,647003736169;147,728244842637;13:29:01.346
862565277,701846;105,752141233349;148,379431802363;13:29:01.361
862565291,1558;107,320176695912;148,141811932121;13:29:01.374
862565307,644378;107,466237876679;149,853822879434;13:29:01.39
862565322,787988;107,130479418224;148,274976746752;13:29:01.406
862565335,800604;105,105980107899;147,989077342491;13:29:01.419
862565353,063661;110,840219960194;149,723066629881;13:29:01.436
862565382,126512;119,612816507915;157,406314331646;13:29:01.465
862565397,623791;126,64074490638;165,001772529709;13:29:01.481
862565413,110378;131,05763615568;185,389779838177;13:29:01.496
862565425,835612;124,354787806589;181,280189393252;13:29:01.509
862565442,6321;132,086745491266;184,354727215175;13:29:01.525
862565457,762453;130,68837206061;239,80344131464;13:29:01.54
862565471,110349;148,076128759473;444,677351716983;13:29:01.553
862565487,736203;148,90526580975;440,503325469548;13:29:01.57
862565502,91317;150,195857196808;461,604922564322;13:29:01.585
862565533,700744;153,934373904675;478,03953558186;13:29:01.616
862565547,851344;154,165751342699;479,922565079998;13:29:01.63
862565560,506016;151,508030318043;480,836963617257;13:29:01.643
862565577,70407;149,321704881079;477,703048467482;13:29:01.66
862565592,814323;147,877196772113;477,55914408472;13:29:01.675
862565605,516891;136,660325484113;483,410498074862;13:29:01.688
862565622,63754;139,201019560867;482,653251280564;13:29:01.705
862565637,841021;142,214986206169;482,11148744637;13:29:01.72
862565651,058056;143,893873139068;481,519752429161;13:29:01.736
862565683,742269;142,044930808842;483,544067602153;13:29:01.767
862565695,562162;141,816100540306;484,411796867898;13:29:01.779
862565712,306476;143,901685465301;484,228903244889;13:29:01.795
862565728,038109;144,303248156284;483,010246798931;13:29:01.811
862565740,702189;137,13200653152;475,737587678097;13:29:01.824
862565772,855685;139,446791689688;480,254501663838;13:29:01.856
862565785,8559;148,520560018994;478,677405518237;13:29:01.869
862565832,523929;194,089944648529;480,935992242315;13:29:01.915
862565847,47424;197,122648763436;481,484295651948;13:29:01.93
862565862,696538;215,120743521684;487,737324185926;13:29:01.945
862565875,952917;221,301217587612;493,084260917856;13:29:01.959
862565892,803717;227,944104010774;492,420464390669;13:29:01.976
862565907,99052;229,052040071035;493,195040095279;13:29:01.991
862565920,822667;229,447943255013;492,985902704081;13:29:02.004
862565937,912097;229,659953243143;492,976215840295;13:29:02.021
862565953,088209;234,115477936971;492,988237397826;13:29:02.035
862565983,668798;233,19678747247;493,695040714423;13:29:02.066
862565998,072142;235,131252545087;492,393485001044;13:29:02.081
862566010,855109;238,748139244217;493,799827253854;13:29:02.093
862566027,824368;253,946658198815;492,265736729606;13:29:02.111
862566043,123644;274,787870781577;492,701821307542;13:29:02.126
862566055,923717;285,367637760295;489,504424980943;13:29:02.139
862566072,820703;288,138592402373;488,511779573777;13:29:02.155
862566088,079352;295,352527004472;484,611522542556;13:29:02.171
862566100,774222;300,295520428603;482,550424966036;13:29:02.184
862566133,914314;307,049454947454;479,137446068212;13:29:02.216
862566145,718384;309,367715579372;480,936959636637;13:29:02.228
862566162,745804;311,115822640018;479,490040794213;13:29:02.245
862566179,402022;310,666897115014;479,784812134117;13:29:02.262
862566190,644156;308,982404456056;480,966298093399;13:29:02.273
862566207,784049;307,245664278263;482,078840624432;13:29:02.29
862566223,005492;301,942349155341;481,772483178192;13:29:02.306
862566235,799578;301,584414009838;481,477362395024;13:29:02.319
862566252,798773;303,17779883373;480,314755461984;13:29:02.335
862566281,737604;341,465690150193;486,401211561841;13:29:02.365
862566312,953686;379,181432695992;497,018861790033;13:29:02.395
862566325,802512;371,991269065233;492,481148237209;13:29:02.408
862566358,077889;380,167896409889;494,239664970275;13:29:02.441
862566370,567487;380,972307052717;484,301693011787;13:29:02.453
862566387,582077;377,550975360954;481,165238391488;13:29:02.47
862566402,791546;372,520087329768;487,351013271995;13:29:02.486
862566433,709981;377,476401137436;475,179771154082;13:29:02.516
862566447,655308;384,185310381787;483,702004963568;13:29:02.531
862566460,35189;388,780550270146;481,43601217637;13:29:02.543
862566478,82221;400,573875034819;484,419421336477;13:29:02.562
862566492,778656;417,131794523271;500,542133408779;13:29:02.576
862566505,639029;430,075443559874;506,819481621102;13:29:02.589
862566523,065876;434,256775958336;508,858318632388;13:29:02.606
862566539,958158;437,404072905342;509,976966633305;13:29:02.623
862566550,527167;441,679908235773;504,992415606634;13:29:02.633
862566584,310449;453,692770752164;511,765123256715;13:29:02.667
862566595,498271;450,926990254898;506,345957965716;13:29:02.678
862566612,372164;459,592237484261;497,981651276036;13:29:02.695
862566627,89724;466,439148664829;488,964400889613;13:29:02.711
862566640,289333;465,458932826795;494,199010946943;13:29:02.723
862566657,31547;465,024905661327;490,695758073791;13:29:02.74
862566672,561717;466,092932055495;496,409060345529;13:29:02.755
862566685,240337;470,572956052088;500,106811762482;13:29:02.768
862566702,431548;512,937357693403;495,373999412922;13:29:02.785
862566731,202311;513,046413840554;496,536054990954;13:29:02.814
862566747,572002;534,114095120542;497,014064855922;13:29:02.83
862566762,721171;567,58990035096;499,655979622665;13:29:02.845
862566775,51483;552,678132990766;498,81139236743;13:29:02.858
862566792,486227;558,102407367689;500,132387901362;13:29:02.875
862566808,098545;509,893555928859;498,857687550521;13:29:02.891
862566820,615084;467,28771798368;503,033680369851;13:29:02.904
862566837,690829;422,272586480229;511,538984014591;13:29:02.921
862566853,108992;298,958515926517;535,65907050511;13:29:02.936
862566883,785804;237,887339690681;547,665376978612;13:29:02.967
862566898,249446;180,288833075079;561,608950215006;13:29:02.981
862566910,593214;160,512128608913;570,681237728149;13:29:02.994
862566927,630043;142,800670574151;568,711421577192;13:29:03.01
862566942,913923;151,734339074303;569,623183775467;13:29:03.025
862566955,749491;156,646053431089;566,299536498541;13:29:03.038
862566972,957381;159,841029413106;566,296236047304;13:29:03.056
862566988,198923;149,063352713092;571,501274820119;13:29:03.071
862567000,481537;137,888930975956;566,617681643426;13:29:03.084
862567034,128397;119,139159854933;564,50588022759;13:29:03.117
862567045,52748;118,741695093173;562,639978994846;13:29:03.128
862567062,726816;91,2359148225733;551,353777641437;13:29:03.145
862567078,366076;100,983739007375;555,550178347861;13:29:03.161
862567090,697442;98,4905009425632;551,543879544844;13:29:03.173
862567107,835196;95,1543014558971;549,636112357578;13:29:03.191
862567123,146446;94,1317782343226;548,482261835703;13:29:03.206
862567135,603542;92,8421280786251;550,321927459709;13:29:03.218
862567152,84821;106,773564042385;554,214713501834;13:29:03.235
862567181,203295;104,00485507789;536,215861684607;13:29:03.264
862567197,489593;103,524744346902;532,684063189312;13:29:03.281
862567225,083029;102,705091013834;529,695000235244;13:29:03.308
862567243,013224;87,4841132659571;509,586198879041;13:29:03.326
862567270,406946;96,0767935108773;505,098188882605;13:29:03.353
862567287,025102;97,9398712573234;502,25864077754;13:29:03.37
862567333,602897;124,081049744013;505,494251458461;13:29:03.416
862567348,018642;167,609771590892;538,114347137071;13:29:03.431
862567361,033825;166,056958575275;541,369302949671;13:29:03.444
862567377,716557;161,919891034163;536,74246658919;13:29:03.46
862567393,256173;158,329447086332;524,593841222179;13:29:03.476
862567406,189674;159,876428030024;529,99939792096;13:29:03.489
862567422,555516;159,64035359903;528,198034180166;13:29:03.505
862567438,127206;154,076329670834;524,012461315681;13:29:03.521
862567450,774607;154,149496795855;525,062059930557;13:29:03.533
862567483,844136;151,00980080362;523,674731106388;13:29:03.566
862567495,604585;146,778184365391;510,615299777273;13:29:03.579
862567512,263369;137,36476275336;510,041394531847;13:29:03.594
862567528,626217;134,355976787792;510,796161454235;13:29:03.611
862567540,814319;141,472219461363;510,6399589894;13:29:03.624
862567557,399974;162,537131909041;513,718445276466;13:29:03.64
862567573,160687;183,574946696176;532,271069546103;13:29:03.656
862567585,593407;187,020795038473;529,488140924031;13:29:03.668
862567602,590891;198,799796357377;540,999759188496;13:29:03.685
862567630,321603;200,987632674207;536,877216818333;13:29:03.713
862567646,483027;206,537304838682;532,558874008237;13:29:03.729
862567661,580878;211,604944081772;528,475916703279;13:29:03.744
862567674,382234;206,547620917215;523,949465854224;13:29:03.757
862567691,437024;209,061264458547;524,922371922917;13:29:03.774
862567706,696956;207,500118767375;524,331552464307;13:29:03.789
862567720,760315;206,727066525443;523,514885671455;13:29:03.803
862567736,421385;206,739253046566;520,301440927487;13:29:03.819
862567751,564995;205,215690336408;519,885671921731;13:29:03.835
862567783,535456;197,810448633554;532,423775771091;13:29:03.866
862567798,040581;203,857628834269;538,222672672218;13:29:03.881
862567810,37494;202,932271489817;538,92652129976;13:29:03.893
862567827,558026;206,638926429745;540,642840259449;13:29:03.91
862567842,954379;238,564124357337;549,592841036534;13:29:03.926
862567855,875478;237,768889185909;549,114903879866;13:29:03.939
862567873,002113;245,699872513531;551,042023235854;13:29:03.956
862567888,174804;262,170969351318;552,403610460565;13:29:03.971
862567900,875234;267,196962428501;553,196111309131;13:29:03.984
862567933,97983;296,394585263625;555,05832679359;13:29:04.017
862567945,639781;296,982278438512;551,105672435753;13:29:04.028
862567962,485021;301,800322771052;548,154767892252;13:29:04.045
862567978,145236;305,637100068538;549,796135607286;13:29:04.061
862567990,515946;303,798780918222;548,684067817343;13:29:04.073
862568007,611791;305,634712994409;543,58252856451;13:29:04.091
862568022,90123;309,836284096925;539,606869826324;13:29:04.106
862568035,325824;323,972770441853;538,018738157818;13:29:04.118
862568052,635923;330,601118602598;538,500979663301;13:29:04.136
862568080,266564;351,998430430657;532,074057708221;13:29:04.163
862568096,437396;356,617296670756;536,609016357357;13:29:04.179
862568111,616502;371,061970048308;538,112697983565;13:29:04.195
862568124,265613;374,616455461354;537,413476894442;13:29:04.207
862568141,352905;378,436949335121;535,142964102197;13:29:04.224
862568156,624811;386,867051654288;535,078355223958;13:29:04.24
862568169,545482;389,865116376516;536,519174044619;13:29:04.253
862568186,390295;386,893365347504;536,692916804634;13:29:04.269
862568201,607461;385,7337673764;541,465981579305;13:29:04.286
862568232,539581;383,992158599283;539,014629034707;13:29:04.315
862568246,551622;380,955415448559;540,902824420999;13:29:04.329
862568259,263171;374,79480233627;547,25663248938;13:29:04.342
862568276,458659;371,363827646001;551,081337635602;13:29:04.359
862568291,606118;372,751218747621;549,433419885459;13:29:04.375
862568304,233847;375,684226405486;541,214449961679;13:29:04.387
862568321,707309;378,501475726517;542,112321565789;13:29:04.405
862568349,2088;386,752578413207;542,82427213523;13:29:04.432
862568394,4938;406,503865197119;541,711744126171;13:29:04.477
862568411,493851;423,151736273816;539,212858903889;13:29:04.494
862568439,262196;423,811085695112;541,839148591967;13:29:04.522
862568456,293893;424,984095307495;541,822302929063;13:29:04.538
862568484,353898;437,745597137253;553,504886002291;13:29:04.567
862568501,47754;439,225812162053;556,426757432145;13:29:04.585
862568530,313735;429,452365470393;545,011558874049;13:29:04.613
862568546,27074;432,78725160422;547,884981971433;13:29:04.629
862568574,154124;427,328479688802;537,593230161351;13:29:04.656
862568591,53222;426,203645648056;538,515036123412;13:29:04.674
862568619,035421;464,343525355933;528,511009637366;13:29:04.701
862568636,32713;485,965252746858;532,911539723058;13:29:04.719
862568683,445478;514,835491278766;544,080004626081;13:29:04.766
862568697,791944;516,039951703875;548,872391450721;13:29:04.781
862568710,164792;514,973086304968;553,359749108205;13:29:04.793
862568727,728916;513,368357444081;555,462413961113;13:29:04.81
862568743,308732;509,890629877286;568,676090369354;13:29:04.826
862568755,369394;509,753536772966;564,852704069871;13:29:04.838
862568773,256396;507,517141051076;562,345013956181;13:29:04.856
862568788,29352;507,484628439767;562,888653673049;13:29:04.873
862568800,440995;506,700876534613;561,139804990938;13:29:04.883
862568834,384646;509,194884157231;561,012413602679;13:29:04.917
862568845,296205;514,140277990838;556,95501620922;13:29:04.928
862568862,571664;526,252149800382;554,652034915127;13:29:04.945
862568877,979991;541,014277382778;559,957628100776;13:29:04.96
862568890,38919;545,452524967527;561,136042305569;13:29:04.973
862568907,703992;548,792767707745;559,979956377871;13:29:04.991
862568923,156368;551,716525619596;560,042999854553;13:29:05.006
862568935,428718;549,420884640986;555,230444937856;13:29:05.018
862568952,69263;555,984288315793;551,371661940959;13:29:05.035
862568981,319274;556,038748641284;547,96758611756;13:29:05.064
862568997,743704;558,431463311072;546,643815773032;13:29:05.08
862569025,547545;543,41932059734;545,762692519622;13:29:05.108
862569042,725071;537,643710390019;546,218957735043;13:29:05.125
862569058,100042;312,438510650423;560,324069358192;13:29:05.141
862569070,788497;252,475655020226;563,553010506493;13:29:05.154
862569087,823615;233,516419324667;564,534197097264;13:29:05.171
862569103,391457;188,088644149979;570,769763071192;13:29:05.186
862569148,147879;147,989815961129;579,507800013136;13:29:05.23
862569160,300914;145,835581335459;579,836058283409;13:29:05.243
862569177,548575;135,976915044887;573,89193872471;13:29:05.26
862569193,121121;126,024344155991;578,013039260021;13:29:05.275
862569205,379358;109,207817440545;574,224000369317;13:29:05.288
862569223,006347;112,061629110575;576,791327190291;13:29:05.306
862569238,287661;108,267439740736;574,699725853792;13:29:05.321
862569250,672056;110,941017541823;573,477224751979;13:29:05.333
862569284,033244;108,84354966395;574,15280160849;13:29:05.367
862569295,689346;109,787401972076;570,812987431705;13:29:05.378
862569313,859455;109,692354312914;567,174656703014;13:29:05.396
862569328,080618;106,784584839637;567,395698421641;13:29:05.411
862569340,550543;105,363991282192;567,365736521758;13:29:05.423
862569357,507401;100,591161690522;563,653116220234;13:29:05.44
862569372,974744;96,6330530629707;575,80829535879;13:29:05.456
862569385,275319;97,830476550959;573,468424481969;13:29:05.468
862569402,686343;115,854567240981;570,76399010015;13:29:05.485
862569431,480628;121,752996603552;570,449050510503;13:29:05.514
862569447,681395;164,583785049282;574,149718983351;13:29:05.53
862569463,19578;172,997545720139;576,696678918673;13:29:05.546
862569475,401416;192,950553342077;576,418847362722;13:29:05.558
862569493,118213;203,613199039568;576,417652678767;13:29:05.575
862569507,908154;221,785376030078;585,512529266439;13:29:05.591
862569520,475584;228,136795013859;582,15548019258;13:29:05.603
862569537,717258;236,367519002615;579,878943692403;13:29:05.62
862569553,215392;240,8408502491;581,426081274807;13:29:05.635
862569583,507317;245,117475893891;578,341057930619;13:29:05.667
862569598,102676;245,250420480385;574,492638798486;13:29:05.681
862569610,353643;246,492382421937;573,794485411415;13:29:05.693
862569627,659893;245,809235345602;574,976092822968;13:29:05.711
862569642,819326;246,224669701727;577,166417123221;13:29:05.726
862569655,569792;244,967340294677;579,754686747443;13:29:05.738
862569672,661787;246,785731074255;578,329470844829;13:29:05.756
862569688,302758;244,451711559973;585,485261684799;13:29:05.771
862569700,86976;242,908183342188;587,718131843983;13:29:05.784
862569734,032089;229,048094011698;593,022188658954;13:29:05.816
862569745,425185;238,91866048568;589,339783936909;13:29:05.828
862569762,593303;328,575410461412;566,626272721216;13:29:05.845
862569777,848531;322,8231549416;569,899218661204;13:29:05.86
862569790,345398;336,478270470573;568,690402893549;13:29:05.873
862569809,013294;343,748193122154;568,367286466611;13:29:05.892
862569822,657554;339,297965044334;569,234647331672;13:29:05.906
862569835,364399;336,144856634155;570,932831434952;13:29:05.918
862569852,594099;352,093193292806;565,362829877259;13:29:05.936
862569881,356737;353,94628263235;558,503763586022;13:29:05.964
862569897,588723;353,623599489664;556,462493103841;13:29:05.98
862569912,907671;354,461458034213;558,22645557289;13:29:05.995
862569925,468686;360,395041274832;569,278995966896;13:29:06.008
862569942,573939;360,004980809442;570,086531784274;13:29:06.026
862569958,223035;361,542159230358;569,483490930015;13:29:06.041
862569970,52532;363,70245646503;571,004715563473;13:29:06.054
862569987,536062;376,854478798107;570,195206684712;13:29:06.07
862570003,012386;397,152357333945;576,849836435966;13:29:06.086
862570033,579718;411,385915461416;578,27349572075;13:29:06.116
862570047,744004;416,677812602699;578,280249343036;13:29:06.131
862570060,365746;420,633618619125;579,012799099095;13:29:06.143
862570077,470571;430,96088767524;577,644325451311;13:29:06.16
862570092,706126;430,968747302361;577,010234357361;13:29:06.175
862570105,623376;434,829593165876;568,705902004942;13:29:06.189
862570122,54089;430,98487090586;567,282331600957;13:29:06.205
862570137,840593;430,423156513125;568,625827963805;13:29:06.221
862570150,531187;430,940130728025;571,161571160944;13:29:06.233
862570183,925304;436,493487339501;577,025432462573;13:29:06.267
862570195,734506;434,616613957459;575,401209648694;13:29:06.279
862570212,584878;449,655760491808;583,936689674031;13:29:06.295
862570227,920932;461,988319114943;585,797596611582;13:29:06.311
862570240,726992;481,213459801192;580,779946853743;13:29:06.323
862570257,599175;492,4524948674;577,963150082927;13:29:06.34
862570272,923682;494,379162497919;577,344171487584;13:29:06.355
862570285,524469;496,12286280777;576,823775505003;13:29:06.368
862570302,817889;493,292909696263;577,503210145226;13:29:06.386
862570330,31938;499,768344074083;574,657915646141;13:29:06.413
862570346,296485;490,154446937136;578,379257462823;13:29:06.429
862570361,591484;493,57144054897;577,101595165517;13:29:06.444
862570374,475377;519,116294804671;572,279408625744;13:29:06.457
862570391,490823;582,411649740919;573,5029360676;13:29:06.474
862570419,188606;589,360715099967;572,695549910832;13:29:06.502
862570436,426004;584,920965387145;566,663874298081;13:29:06.519
862570483,512705;578,502552055267;572,781105958758;13:29:06.566
862570497,720183;574,293000787903;581,936076530275;13:29:06.581
862570510,436009;573,926291937765;578,289767983165;13:29:06.594
862570527,40313;548,343590986243;599,82862273336;13:29:06.61
862570542,801621;469,201609947448;595,005299062467;13:29:06.626
862570555,510605;300,49773058163;577,061196898264;13:29:06.638
862570572,358411;238,417575287615;573,119430054228;13:29:06.655
862570587,979281;215,703480261027;573,259357952176;13:29:06.671
862570600,723332;152,650746395888;572,561470673935;13:29:06.684
862570634,018233;156,910522763889;567,526371239709;13:29:06.717
862570645,346754;143,35044988314;569,389257809001;13:29:06.728
862570662,913444;125,538104503487;582,739957216096;13:29:06.745
862570677,475446;87,0201462158223;581,147908197767;13:29:06.76
862570690,491056;84,0659890679465;583,505023981466;13:29:06.773
862570707,529596;83,8583419248526;580,243834987005;13:29:06.79
862570722,541916;83,5017209983512;580,342661978269;13:29:06.806
862570735,450613;83,8188087571401;580,116300395188;13:29:06.818
862570752,382239;86,7921541120011;581,924046005352;13:29:06.835
862570782,744726;93,5806332130677;580,969747524712;13:29:06.866
862570797,387555;98,0541660654003;580,730887865038;13:29:06.88
862570812,605149;97,3239630286337;582,106296921279;13:29:06.896
862570825,309856;101,522059270633;584,262681997422;13:29:06.908
862570842,368922;109,205683962628;584,949402323193;13:29:06.925
862570857,949593;108,751359237527;584,980749514623;13:29:06.94
862570870,451593;109,202276176214;584,803437444374;13:29:06.953
862570887,536318;108,023473802226;589,38662676715;13:29:06.971
862570902,76161;107,211619644249;589,643678235236;13:29:06.986
862570933,707843;107,482758730892;589,991978509333;13:29:07.016
862570947,726727;115,558454674733;595,462410851968;13:29:07.03
862570960,365575;130,826629625358;598,011136420048;13:29:07.043
862570977,496059;153,064289506511;597,675911562303;13:29:07.06
862570992,818;166,794093724464;598,289563647081;13:29:07.076
862571005,450861;174,060046834139;598,87432346929;13:29:07.088
862571022,411996;193,768663362546;597,506515368365;13:29:07.106
862571038,061519;205,693072366307;598,839213287804;13:29:07.121
862571050,643917;210,016176907325;599,083873756928;13:29:07.134
862571084,088924;209,186203393454;596,518238832263;13:29:07.166
862571095,4384;210,849474221251;595,577227234667;13:29:07.179
862571112,396112;212,862581923138;591,767685512292;13:29:07.195
862571127,721047;210,896324552788;591,795890969331;13:29:07.21
862571140,359895;211,999476953007;592,413808534193;13:29:07.223
862571157,372775;210,616124367519;591,577652066549;13:29:07.24
862571172,602771;209,583272848505;590,133942581268;13:29:07.255
862571185,263002;207,569450769223;587,233165560472;13:29:07.268
862571202,446516;218,948639311868;586,546529452852;13:29:07.285
862571231,340016;241,937916549921;585,343645155517;13:29:07.314
862571247,465089;254,485704923558;583,351547694047;13:29:07.33
862571262,833216;271,354102681411;590,542888959092;13:29:07.345
862571275,568714;272,669019495642;591,570065804669;13:29:07.358
862571292,601694;274,85874011288;590,113796075494;13:29:07.375
862571308,101111;270,747913101866;586,079738888135;13:29:07.391
862571320,417509;271,972741644999;585,321148019469;13:29:07.403
862571337,752411;272,524821643433;588,146307255194;13:29:07.421
862571353,050404;271,903698222048;590,796395439697;13:29:07.435
862571383,450097;270,644185107407;592,962217499398;13:29:07.466
862571397,735836;267,10266652899;592,111459249235;13:29:07.481
862571410,348169;265,210871575754;590,015598885959;13:29:07.493
862571427,50474;263,953230890553;588,54364583661;13:29:07.51
862571442,878;268,883357664411;591,063609609141;13:29:07.525
862571455,320128;276,024712817131;592,093121979766;13:29:07.538
862571472,399722;284,652826891836;592,581352450164;13:29:07.555
862571487,835419;309,559096008349;597,504826246117;13:29:07.57
862571500,412685;312,920701966065;595,670436429181;13:29:07.583
862571533,903879;331,663142775838;597,75104752791;13:29:07.617
862571545,569817;326,384009596881;596,86351454099;13:29:07.628
862571562,64599;327,38527777161;596,230937980133;13:29:07.645
862571578,022671;326,129942478103;588,166185678582;13:29:07.661
862571590,446837;326,462527453157;587,912399423304;13:29:07.673
862571607,767627;326,656921647914;587,635142571806;13:29:07.691
862571623,355996;324,526629463637;588,520737178308;13:29:07.706
862571635,954217;325,803391252011;587,912749100018;13:29:07.719
862571652,958117;329,463206257544;584,109425913899;13:29:07.736
862571682,006427;329,623329085475;584,605358492091;13:29:07.765
862571697,972413;328,046121417895;591,636043524368;13:29:07.781
862571713,122865;329,894463243615;593,763901802387;13:29:07.796
862571725,413177;333,076141507406;592,753239236182;13:29:07.808
862571742,808378;335,70804747222;593,910401470357;13:29:07.825
862571757,892117;345,969044456667;593,519336859529;13:29:07.84
862571770,583994;351,408415763016;592,977065510453;13:29:07.853
862571787,684543;350,316588876608;593,732344981472;13:29:07.871
862571802,903847;385,295549370316;592,5518061755;13:29:07.886
862571833,432264;391,493890160788;610,794904247495;13:29:07.916
862571847,901893;392,311436552245;608,988763961577;13:29:07.93
862571860,348725;394,761777523378;607,4724196244;13:29:07.943
862571877,563885;397,234081933295;602,849000247242;13:29:07.96
862571892,873852;395,285827628664;601,30770359446;13:29:07.975
862571905,419899;398,45945097522;591,26773397075;13:29:07.988
862571922,341262;393,584687102381;585,086159620819;13:29:08.005
862571937,950586;393,017641300054;588,220960232139;13:29:08.02
862571950,504331;394,550340294984;587,46133751211;13:29:08.033
862571983,816339;398,762401442156;588,6003496229;13:29:08.066
862571995,45619;401,665072843579;588,756038739088;13:29:08.078
862572012,467359;420,048941300052;592,154092183638;13:29:08.096
862572027,938551;453,63582112154;590,470994190877;13:29:08.111
862572040,516245;459,113663980701;589,36536616379;13:29:08.123
862572057,533829;463,1333394398;589,394565833999;13:29:08.14
862572072,788202;464,047644700686;589,880603892794;13:29:08.156
862572085,491198;464,935877850714;590,401940484562;13:29:08.168
862572102,653328;464,952333534779;592,4423502761;13:29:08.186
862572130,131298;467,242070817827;591,059725016884;13:29:08.213
862572146,483027;468,366995229633;588,232279567819;13:29:08.23
862572161,176319;469,54587383102;584,854661565671;13:29:08.244
862572174,037974;469,0492736459;578,65662480081;13:29:08.257
862572191,186847;471,392205767107;571,541154453156;13:29:08.274
862572206,300949;472,411438072108;571,030522546762;13:29:08.289
862572219,118557;479,677650128205;573,726502079435;13:29:08.302
862572236,28197;502,597095268691;578,017702500256;13:29:08.319
862572251,263072;512,747917439321;579,981397856772;13:29:08.334
862572282,417572;521,133495563847;586,193037757545;13:29:08.365
862572296,034462;518,313410837118;589,513621388131;13:29:08.378
862572309,100108;518,928795705069;590,1781543923;13:29:08.392
862572326,232303;517,797879864488;588,538197267532;13:29:08.409
862572353,945481;517,82903313838;588,320722269452;13:29:08.437
862572371,202978;516,458652516273;589,061541620782;13:29:08.454
862572386,301257;516,643585481356;589,698705470943;13:29:08.469
862572399,212948;519,433261802973;590,590740866911;13:29:08.482
862572432,152043;523,177313541393;593,649063739166;13:29:08.515
862572444,254614;529,75811347075;592,438423526888;13:29:08.527
862572461,049391;534,494193312635;594,015792560914;13:29:08.544
862572488,946033;539,869653784466;587,831066887623;13:29:08.571
862572506,014935;538,345459827045;590,747387678767;13:29:08.589
862572521,148282;543,185293628228;589,627779364721;13:29:08.603
862572534,075368;370,346501447863;591,13627990155;13:29:08.616
862572551,216544;146,574571260387;584,616039826653;13:29:08.634
862572580,17804;121,099244101565;582,787494995734;13:29:08.663
862572596,276171;103,551749095256;586,028733360371;13:29:08.679
862572611,247865;107,340395443172;586,034168244579;13:29:08.694
862572624,008166;119,779496083794;587,256245167197;13:29:08.707
862572641,163027;119,784714121001;587,706228147311;13:29:08.724
862572656,320322;122,066559161349;587,591294014632;13:29:08.739
862572669,19609;117,784568942714;583,299130932945;13:29:08.752
862572686,234201;117,199184319817;582,658979381072;13:29:08.769
862572701,250371;117,988264533284;583,363429647893;13:29:08.784
862572732,178643;117,953383420828;586,464002287035;13:29:08.815
862572746,317696;114,887362916375;593,760869604549;13:29:08.829
862572759,115204;112,393543821278;595,174147141113;13:29:08.842
862572776,110122;100,317325652429;592,318522785022;13:29:08.859
862572791,423083;101,691573023944;591,253114505302;13:29:08.876
862572804,210754;102,394462065186;590,794408242712;13:29:08.887
862572821,074811;99,4479201227848;588,296703276984;13:29:08.904
862572836,428398;92,6660307955737;584,120907119634;13:29:08.919
862572849,063825;91,4849010818591;581,898156517391;13:29:08.932
862572882,404914;87,6900353977694;577,932793705543;13:29:08.965
862572894,022099;95,7674509845293;580,265657441089;13:29:08.977
862572911,309532;104,095833565416;582,0823293198;13:29:08.994
862572926,275239;111,027822651;582,660650353959;13:29:09.009
862572939,150151;118,457616300289;580,685022901828;13:29:09.022
862572956,364456;126,193999615971;582,424513554718;13:29:09.039
862572971,287825;131,623407615614;580,868094779453;13:29:09.054
862572984,133657;132,356487289483;579,398070816072;13:29:09.067
862573001,262858;137,393236225298;574,2880923345;13:29:09.084
862573030,046452;138,360539632763;573,474207605533;13:29:09.113
862573045,989345;143,482763282721;572,951736220167;13:29:09.128
862573061,221051;147,816274376511;577,180250630979;13:29:09.144
862573073,942436;153,531014853631;582,044540008049;13:29:09.157
862573091,055387;156,423528236553;583,521491177303;13:29:09.174
862573106,131428;167,399103992083;592,417924175254;13:29:09.189
862573119,049961;168,127793571557;592,271490204499;13:29:09.202
862573136,173175;168,716986549958;593,020081521223;13:29:09.218
862573151,22484;178,776228519414;597,427786678829;13:29:09.234
862573182,380623;173,879002707434;582,782166112652;13:29:09.266
862573196,225879;176,008912220173;579,99467795025;13:29:09.279
862573209,003287;184,629982662638;580,048686227594;13:29:09.292
862573226,126074;191,595065041165;580,142713153001;13:29:09.309
862573241,396269;207,49178005569;593,194685696142;13:29:09.324
862573254,00903;206,37872995656;593,317503559742;13:29:09.337
862573271,184846;217,213165329009;597,121910053229;13:29:09.354
862573286,309212;216,39339206935;594,857106693044;13:29:09.369
862573299,108002;217,537288114517;594,002526609096;13:29:09.382
862573332,41445;226,716572625844;592,274553576976;13:29:09.415
862573344,079961;232,175771379478;588,414396112619;13:29:09.426
862573361,257915;233,245710760975;586,815442862518;13:29:09.443
862573376,529821;234,037722493585;586,479539900171;13:29:09.459
862573388,985206;230,701112804245;587,274149575273;13:29:09.472
862573406,199083;228,583595562297;586,589695857356;13:29:09.489
862573421,25203;221,116544895784;575,81869172298;13:29:09.504
862573434,08546;221,344280985024;574,578062801261;13:29:09.517
862573451,210385;222,050636805031;580,335673418033;13:29:09.534
862573480,102175;238,808497777204;591,062245042821;13:29:09.563
862573496,276428;246,116235518247;589,355352714332;13:29:09.579
862573511,573565;255,193750312456;589,041011818713;13:29:09.594
862573524,109777;258,334697510797;583,350204170168;13:29:09.607
862573541,199634;260,652120601782;580,71557341039;13:29:09.624
862573556,6101;259,2236546032;583,203909853286;13:29:09.639
862573569,222006;265,15440643661;582,966421245387;13:29:09.652
862573586,279789;260,898768690132;595,410024362663;13:29:09.669
862573601,513206;259,961934415228;595,166161932506;13:29:09.684
862573632,454307;278,849017692067;587,841925115157;13:29:09.715
862573646,522371;288,108377732772;588,963308834584;13:29:09.729
862573659,242473;297,732196756957;587,197514759108;13:29:09.742
862573676,335752;302,718709305045;586,659617047344;13:29:09.759
862573691,451992;310,958954504943;587,823003768133;13:29:09.774
862573704,20203;314,903597349761;587,870203217522;13:29:09.787
862573721,240142;326,75741617963;591,72801974677;13:29:09.804
862573736,458591;326,414333547762;596,2396299687;13:29:09.82
862573749,152179;328,231970492868;599,707967307146;13:29:09.832
862573782,447935;332,27779280799;599,529862068401;13:29:09.867
862573793,966761;331,967016698349;599,521288058387;13:29:09.876
862573811,132741;325,164601962412;599,016459471133;13:29:09.894
862573826,451689;323,382012145943;596,85117771324;13:29:09.909
862573839,073858;322,395027449299;593,589180330762;13:29:09.922
862573856,197073;321,365326503543;590,033943376115;13:29:09.939
862573871,417233;336,576005000329;591,185202319569;13:29:09.954
862573884,160856;335,475262860258;589,83710278466;13:29:09.967
862573901,158768;375,662357379059;600,044339554998;13:29:09.984
862573930,029174;385,696759306683;604,302951160056;13:29:10.013
862573946,679833;386,823808862806;605,205427080073;13:29:10.03
862573961,663928;386,835382042095;604,142547392376;13:29:10.044
862573974,046185;383,993063271225;602,620380108326;13:29:10.057
862573991,576097;377,720814899744;599,28021721745;13:29:10.074
862574006,323701;374,41635103241;595,645589326255;13:29:10.09
862574019,157558;380,496593831177;597,910063734811;13:29:10.102
862574036,177281;387,474365614645;597,95506113111;13:29:10.119
862574051,541132;389,961555907442;596,688588352701;13:29:10.135
862574082,421079;401,770192793959;600,500247445613;13:29:10.165
862574096,522927;409,677133499371;600,758223719915;13:29:10.179
862574109,154933;427,268882733725;600,606394066986;13:29:10.192
862574126,397462;440,428368964704;593,917332398358;13:29:10.209
862574141,534657;441,739466387245;596,233706202393;13:29:10.225
862574154,090969;441,562413364901;595,359819342443;13:29:10.237
862574171,399784;445,031265404011;595,738800703286;13:29:10.254
862574186,67725;448,033778831705;596,910737141676;13:29:10.269
862574199,332776;456,178918611248;603,252334346495;13:29:10.282
862574232,43053;455,10361377671;604,177670525623;13:29:10.315
862574244,043867;456,660760428008;602,883481591749;13:29:10.327
862574261,208136;462,282546041587;604,637597678915;13:29:10.346
862574276,381254;466,914133360396;605,530310218735;13:29:10.359
862574289,221527;461,235516546358;597,119241327044;13:29:10.372
862574306,131342;460,841108897455;595,741281417307;13:29:10.389
862574321,58329;461,231502659588;596,544202456452;13:29:10.404
862574334,182794;458,520883756051;596,421147156761;13:29:10.417
862574351,347491;450,32881183993;603,19523028086;13:29:10.434
862574380,074634;444,530401592503;608,572344958314;13:29:10.462
862574396,158652;446,215164540805;609,057245969928;13:29:10.479
862574411,400195;465,625726359339;607,060464569504;13:29:10.494
862574423,903477;469,114679545772;605,696163527601;13:29:10.507
862574441,151994;492,978216080925;601,756275381002;13:29:10.524
862574456,236588;500,831556442638;601,536437578248;13:29:10.539
862574468,916918;501,840346734496;601,718207094483;13:29:10.552
862574486,232149;501,921654151947;602,259892573531;13:29:10.569
862574501,53955;501,582004756693;603,252863881369;13:29:10.584
862574532,475519;504,906725673273;606,091974266157;13:29:10.615
862574546,32548;504,819065878756;604,507741645134;13:29:10.629
862574559,086209;497,07595123771;608,274795259835;13:29:10.642
862574576,337291;495,805841819319;603,912842597693;13:29:10.659
862574591,448828;499,205208356932;603,814837527574;13:29:10.674
862574604,044483;502,907263685285;604,077783108335;13:29:10.687
862574621,283591;520,918183589926;606,213969381389;13:29:10.704
862574636,677806;532,970407743437;600,233315774878;13:29:10.72
862574649,376097;519,252440702512;600,977137153739;13:29:10.732
862574682,530301;542,185672846614;597,584723256702;13:29:10.765
862574694,05768;546,337512494536;597,811453123737;13:29:10.776
862574711,193296;549,824090128334;598,001945834745;13:29:10.794
862574726,259501;549,632917308559;598,045310045575;13:29:10.809
862574739,091649;549,137885164513;598,370043127607;13:29:10.822
862574756,144728;538,519265537411;601,165654593863;13:29:10.839
862574771,308438;495,352696629382;603,445564130201;13:29:10.854
862574784,244504;472,692387392951;602,324599262812;13:29:10.867
862574801,365581;345,004578512031;600,723000649143;13:29:10.884
862574830,216315;214,471894905164;599,480966947407;13:29:10.913
862574846,164768;107,77606651525;595,091142611488;13:29:10.929
862574861,420423;108,770487013998;599,638562395809;13:29:10.944
862574874,167895;81,8623332584457;586,336547479901;13:29:10.957
862574891,215842;97,0849714560792;595,921853622377;13:29:10.974
862574906,451398;78,6511450856982;584,106827598749;13:29:10.989
862574919,405854;70,4650150147723;578,103957824827;13:29:11.002
862574936,239975;70,5782835597252;578,727854290386;13:29:11.019
862574951,573463;59,1754214911927;586,424327978872;13:29:11.034
862574985,025313;65,3345782237184;586,48237286603;13:29:11.067
862574998,758952;71,4702894639648;592,985901450789;13:29:11.081
862575010,277778;72,860311660784;595,592357405277;13:29:11.093
862575028,780172;80,4975741543052;609,044161044678;13:29:11.111
862575043,842528;83,2685119452888;612,548695011071;13:29:11.126
862575055,440897;81,7277021034296;614,179750275709;13:29:11.138
862575075,045353;87,4902399236103;619,050887146227;13:29:11.158
862575089,32767;91,6331555257095;617,826921777453;13:29:11.172
862575100,525756;82,3086707373565;612,334525111231;13:29:11.184
862575134,974465;93,6071595855851;615,866875167342;13:29:11.218
862575145,2655;102,130773734956;616,336644624138;13:29:11.228
862575164,39355;117,667915902885;613,902280530272;13:29:11.247
862575178,895253;131,695964452516;614,86684894708;13:29:11.261
862575190,302034;151,663627649698;621,637747223438;13:29:11.273
862575209,305637;169,772616123702;628,679805830045;13:29:11.292
862575222,806206;176,246337204588;630,08114113027;13:29:11.306
862575235,177771;178,864343089713;630,411850420845;13:29:11.318
862575252,202198;185,899946392729;631,061524280016;13:29:11.337
862575280,882727;181,082588155307;626,456025075094;13:29:11.363
862575296,69433;183,118841855215;624,739477006607;13:29:11.379
862575312,816837;187,155009049213;624,264800560815;13:29:11.396
862575325,005367;149,858516718057;602,61909310963;13:29:11.407
862575342,152958;151,672914131474;605,781667335905;13:29:11.425
862575357,679317;160,856062071896;613,27439054995;13:29:11.44
862575370,116741;159,718006267424;615,527956958021;13:29:11.452
862575387,068466;160,919461189987;616,96910432483;13:29:11.47
862575402,867668;160,436231603816;616,997868365715;13:29:11.486
862575433,352036;166,025046228257;624,799254614907;13:29:11.516
862575448,039341;184,181339444407;624,378585278572;13:29:11.531
862575460,546044;177,572775689118;626,112942533341;13:29:11.543
862575477,762487;226,809606023436;626,501314439688;13:29:11.56
862575493,217;237,572856585915;625,880120036586;13:29:11.575
862575521,834237;226,200864482491;629,078498937149;13:29:11.604
862575538,112409;222,52423319908;626,012817075322;13:29:11.621
862575550,766225;226,998464050293;623,36793656064;13:29:11.634
862575583,53768;224,438142727563;630,145131003007;13:29:11.666
862575611,596402;235,272182280489;626,512400440763;13:29:11.695
862575627,32889;236,706952750551;625,567887542546;13:29:11.71
862575656,659878;247,342364640823;626,58501718799;13:29:11.74
862575672,364996;271,618239925268;642,817560782497;13:29:11.755
862575701,817011;284,286550584142;642,911606046041;13:29:11.785
862575731,025691;311,887944591773;635,039393525537;13:29:11.814
862575747,059246;303,574565594507;631,517137231982;13:29:11.83
862575762,698078;298,877505929014;626,972873592901;13:29:11.845
862575774,781405;301,246367889722;626,975540127124;13:29:11.857
862575792,139401;298,270960972;625,343316840762;13:29:11.875
862575807,603751;291,844688056486;622,96662396735;13:29:11.89
862575820,525705;292,695445532393;632,077525073107;13:29:11.903
862575837,206299;293,309866922654;631,060323460239;13:29:11.92
862575852,967012;300,433577139165;630,530321195747;13:29:11.935
862575883,501843;310,30782668766;636,962102513154;13:29:11.966
862575897,829064;315,024523673913;637,788012010673;13:29:11.981
862575910,220729;312,722158152856;637,385085845573;13:29:11.993
862575927,386281;346,940029586672;631,77597466598;13:29:12.01
862575942,903659;360,489307563315;626,200393603548;13:29:12.026
862575955,32526;365,207313334957;618,188123157531;13:29:12.038
862575972,50578;366,870778242105;617,276169710855;13:29:12.056
862575987,645969;364,52424117081;622,780681326459;13:29:12.071
862576000,121453;364,438789292067;623,420304596104;13:29:12.083
862576033,982995;362,602055848422;634,35904730128;13:29:12.117
862576045,132329;362,760104487539;637,439198111674;13:29:12.128
862576062,314131;373,628373501366;638,12808431993;13:29:12.145
862576077,842629;375,150727078907;637,032001204153;13:29:12.16
862576090,163303;376,752225184539;635,425694775398;13:29:12.172
862576107,224936;411,337442275676;636,955268069178;13:29:12.19
862576122,711523;408,093054857597;636,527029106923;13:29:12.206
862576135,192995;425,341128539672;633,517550920998;13:29:12.218
862576152,504377;424,307841595401;633,266851223301;13:29:12.236
862576181,338006;426,534965767511;627,577778577935;13:29:12.264
862576197,5593;426,638510375928;630,839414443081;13:29:12.28
862576213,018946;425,872901469813;632,972054381228;13:29:12.296
862576225,1228;424,856029544109;635,521620788675;13:29:12.308
862576242,541523;422,835249663135;636,49447952076;13:29:12.325
862576257,783065;416,539020068723;636,319225650805;13:29:12.341
862576270,147361;417,040977270993;636,102259922798;13:29:12.353
862576288,905491;419,217089118642;634,933962839486;13:29:12.372
862576302,619886;423,778829606001;633,077390040514;13:29:12.385
862576333,549441;437,976436391696;631,794066930914;13:29:12.417
862576347,79669;439,086387886713;634,814158302092;13:29:12.431
862576360,042098;448,308337866436;633,150754486923;13:29:12.443
862576377,384698;458,419699922953;635,606960818963;13:29:12.46
862576392,869148;462,344810715606;636,031421758099;13:29:12.476
862576405,254398;464,067521492798;635,804641833935;13:29:12.488
862576422,504625;464,587552466267;634,874268511313;13:29:12.505
862576437,896274;462,614111999821;634,469564309027;13:29:12.52
862576450,20198;463,477346329187;633,386555180365;13:29:12.533
862576483,76331;465,85578586277;633,206544175011;13:29:12.566
862576495,12818;465,140559754198;633,14032339926;13:29:12.578
862576512,534073;494,652157065689;639,591734260808;13:29:12.595
862576527,852166;492,525630843898;638,902823482619;13:29:12.61
862576540,193367;512,456819535709;636,249462102812;13:29:12.623
862576557,374315;542,180318944631;635,572266726484;13:29:12.64
862576572,704809;548,521632236577;635,681166873174;13:29:12.655
862576585,142233;551,443123327907;635,179660464637;13:29:12.668
862576602,424107;557,40377790036;635,311883227929;13:29:12.685
862576797,981565;147,818267101378;674,936945883161;13:29:12.88
862576810,256053;122,317721149114;647,984888462152;13:29:12.893
862576827,048692;103,364216841436;641,56238499044;13:29:12.91
862576842,626369;97,2840462259507;639,578510440083;13:29:12.925
862576855,644973;104,419459127074;641,296594140336;13:29:12.938
862576872,402544;109,330376623057;642,315274247075;13:29:12.955
862576887,857486;111,331686272785;642,83340487866;13:29:12.97
862576900,687495;110,521388869402;653,485081162688;13:29:12.983
862576933,977264;115,878573128058;645,776807860942;13:29:13.016
862576945,270289;115,713644433226;644,654463798663;13:29:13.028
862576962,29942;115,020628063788;644,561895102373;13:29:13.045
862576977,847162;119,437572553662;650,894392421813;13:29:13.061
862576990,203759;121,865718894411;647,201863109349;13:29:13.073
862577007,305164;117,748736484697;649,749956082718;13:29:13.09
862577022,976925;119,444021613758;649,921272516466;13:29:13.106
862577035,143217;121,725648895738;650,373733846526;13:29:13.118
862577052,197579;122,672534506263;651,120344995204;13:29:13.135
862577080,705336;127,852551868447;645,029062451637;13:29:13.164
862577097,144306;132,814854521829;639,457404637156;13:29:13.18
862577112,804948;134,739658772904;635,798323271409;13:29:13.196
862577125,46689;98,7041786974161;663,865208664649;13:29:13.209
862577142,309137;94,7498530749956;667,505519638928;13:29:13.225
862577157,862865;83,2478766297409;676,295408666307;13:29:13.241
862577170,11982;77,7875939343452;673,128624162674;13:29:13.253
862577187,207111;76,7356093573763;677,599302498455;13:29:13.27
862577202,699686;75,4797798639486;678,029085973025;13:29:13.286
862577233,228958;73,6755021484296;675,20435409;13:29:13.316
862577247,795664;77,1431336343454;683,864587221405;13:29:13.33
862577260,272432;73,0458547493222;681,338862261232;13:29:13.343
862577277,234421;73,9952172933198;679,393779659752;13:29:13.36
862577293,219652;77,3908658861827;678,703214728919;13:29:13.376
862577305,254227;88,8795981902844;682,392571419552;13:29:13.388
862577322,207663;89,8800810150543;681,839149517623;13:29:13.405
862577337,60872;110,157752003478;682,227864259051;13:29:13.42
862577350,208224;110,733188351142;677,525841313874;13:29:13.433
862577384,052232;123,623299703444;685,565383965331;13:29:13.467
862577395,052742;144,119864739981;688,876969108886;13:29:13.478
862577412,507815;145,822257848604;691,143982081807;13:29:13.497
862577427,612509;153,250164045243;694,713792559727;13:29:13.511
862577439,913084;154,10703490051;692,057708395528;13:29:13.522
862577457,185977;155,494331846984;696,622175762487;13:29:13.54
862577472,568217;155,756466298825;698,537164004888;13:29:13.555
862577484,992383;155,713279257784;696,398445898399;13:29:13.568
862577502,050167;156,117518684848;697,770109172733;13:29:13.585
862577531,066831;164,757582697512;696,331291506089;13:29:13.613
862577547,118348;174,669948435455;699,819088565211;13:29:13.63
862577562,850836;196,22502089013;704,403209233654;13:29:13.646
862577574,961533;197,502478071107;704,735784369253;13:29:13.657
862577592,110834;187,655425312975;699,097949552853;13:29:13.674
862577607,534557;203,966848362498;703,539794426348;13:29:13.691
862577619,818025;204,461868416212;703,857549362996;13:29:13.703
862577637,10332;204,70612437702;703,862720249165;13:29:13.72
862577652,670306;209,066099833034;704,375938936207;13:29:13.736
862577682,944269;214,588815807865;690,687936800358;13:29:13.766
862577697,291162;225,350284602488;684,906953329517;13:29:13.78
862577710,160087;230,422592276653;692,702303030863;13:29:13.793
862577727,482588;231,873167083516;689,91117553893;13:29:13.81
862577743,107307;239,123115967368;690,539839391244;13:29:13.825
862577755,455779;244,266329277652;689,716374633154;13:29:13.838
862577772,510142;256,627587690745;689,67611306298;13:29:13.856
862577788,294376;250,033225656196;692,544404326626;13:29:13.871
862577800,219471;257,000431379794;696,306723792016;13:29:13.883
862577834,112231;269,158039810004;701,407829124358;13:29:13.917
862577845,403118;267,883847827539;702,206159243691;13:29:13.928
862577862,263754;268,29047296382;703,345476562122;13:29:13.944
862577877,71955;265,266024249548;698,024724906189;13:29:13.961
862577890,136447;262,015503113;693,797047992945;13:29:13.973
862577907,132648;259,805295179892;691,97521660619;13:29:13.99
862577922,504625;257,442124059609;690,739354526426;13:29:14.005
862577934,906126;255,791008505377;689,326882573019;13:29:14.018
862577952,096482;269,621972605389;689,66464739178;13:29:14.035
862577980,747075;298,13472594078;668,930564434988;13:29:14.063
862577997,274997;298,034845430896;677,282497227049;13:29:14.08
862578012,79708;308,055922645109;679,641434105274;13:29:14.096
862578024,921889;313,427403961803;673,517639609429;13:29:14.108
862578042,276891;316,736462597669;671,251836702311;13:29:14.125
862578057,689495;319,46826314664;678,222079173833;13:29:14.141
862578070,617864;320,981454725999;684,376324756214;13:29:14.153
862578087,229178;322,455228605555;691,42680109079;13:29:14.17
862578102,708923;325,771769181752;697,759201045634;13:29:14.185
862578133,472976;325,167889779894;698,903539622128;13:29:14.216
862578147,718943;325,88206342131;698,232484917062;13:29:14.231
862578159,963923;328,059784553923;700,655687279132;13:29:14.243
862578177,231257;338,301897909862;696,649187503239;13:29:14.26
862578192,594252;360,916914793499;691,140497847183;13:29:14.275
862578205,121056;363,015696635119;690,662127599061;13:29:14.288
862578222,159595;372,583408498706;688,722776641638;13:29:14.305
862578237,803559;382,470819985155;689,734120306198;13:29:14.321
862578250,237989;386,503603906875;689,512005270305;13:29:14.333
862578282,449646;387,291089987859;681,990888873651;13:29:14.366
862578293,898337;387,719516822142;683,234263755078;13:29:14.377
862578311,039513;393,76396912832;686,338172516314;13:29:14.394
862578326,192531;398,668758768311;686,908289334212;13:29:14.409
862578338,964379;398,462796015805;687,09614782551;13:29:14.421
862578356,208192;395,838071071351;682,328667142614;13:29:14.439
862578371,239329;389,46519353967;680,691126592776;13:29:14.456
862578384,000058;389,874402994916;683,617775814077;13:29:14.467
862578401,098041;414,110829912837;682,466298027395;13:29:14.484
862578429,867094;422,653212418301;679,410606013419;13:29:14.512
862578445,967791;430,624882595546;664,291398530675;13:29:14.529
862578461,23542;428,924236998954;664,679831545297;13:29:14.544
862578473,811831;432,42029347963;666,154917464252;13:29:14.556
862578491,36783;434,655369647019;670,93353430334;13:29:14.574
862578506,129974;457,871893207953;684,372023414718;13:29:14.588
862578518,817575;453,982530846237;686,048900379231;13:29:14.602
862578536,010069;456,921163439656;687,925816683764;13:29:14.618
862578550,974492;458,59006513975;690,139076763283;13:29:14.634
862578582,889359;474,630423454728;687,10487565569;13:29:14.665
862578597,708808;492,105724252977;679,803568759002;13:29:14.68
862578609,964907;493,314010684126;679,82161922405;13:29:14.693
862578627,401163;502,159982714377;675,132181132637;13:29:14.71
862578642,411345;492,096701376357;690,344664202021;13:29:14.725
862578655,012133;491,97503255964;690,972008759918;13:29:14.738
862578672,351312;499,534170284731;692,691453567013;13:29:14.755
862578687,590716;504,478586459194;694,934085937522;13:29:14.77
862578700,09186;508,621907918799;691,564615372024;13:29:14.782
862578733,344851;515,220590518098;697,30979151068;13:29:14.816
862578745,008651;513,986648031774;692,550874471369;13:29:14.827
862578762,035216;520,61565891316;687,012254088771;13:29:14.844
862578777,538055;524,049028755923;686,621669208293;13:29:14.86
862578789,805273;530,806964459869;685,018813000918;13:29:14.872
862578807,156426;548,645620082816;679,425613039218;13:29:14.89
862578822,446293;546,953994200064;678,15172162234;13:29:14.906
862578835,031257;546,251994514505;678,045947647293;13:29:14.918
862578852,172005;547,267123377702;684,578742736215;13:29:14.935
862578879,893737;545,326104574619;676,316889925496;13:29:14.963
862578896,011967;549,073813402287;676,33257452685;13:29:14.979
862578911,129918;566,079341816769;677,320321107427;13:29:14.994
862578924,05786;561,521065663776;681,930752088684;13:29:15.007
862578940,883;559,110424382686;676,772599517471;13:29:15.023
862578956,167736;554,581282891701;677,083137194964;13:29:15.038
862578968,780925;555,718730772318;677,66018074629;13:29:15.052
862578986,085891;561,095575306879;678,567503157937;13:29:15.069
862579001,240193;584,221341748728;681,546873723442;13:29:15.084
862579032,27495;584,439191019673;679,925276194922;13:29:15.115
862579046,121062;594,063758781393;673,994892922336;13:29:15.128
862579058,995119;597,074983200245;668,403024553087;13:29:15.142
862579076,253471;606,78506199575;663,956344320007;13:29:15.159
862579091,179834;612,827710412623;667,902171370493;13:29:15.174
862579103,755389;613,857261123655;668,882746982819;13:29:15.187
862579120,970549;603,902090550976;673,981342761184;13:29:15.204
862579136,378449;539,747587242239;684,370163342606;13:29:15.219
862579149,303396;483,271008329288;682,169088740248;13:29:15.232
862579182,278842;344,484061536563;685,635211486457;13:29:15.265
862579193,934944;309,499892378935;688,731777180214;13:29:15.277
862579211,14711;112,602375484298;693,061318281919;13:29:15.294
862579226,383948;110,844218241754;695,812966811861;13:29:15.309
862579238,87269;110,223381747781;697,246147805982;13:29:15.322
862579255,908664;106,68303271953;701,248981421209;13:29:15.339
862579271,189978;100,082784348663;706,071956214624;13:29:15.354
862579283,871591;95,6958306343211;696,093128584096;13:29:15.367
862579300,886182;94,023885117642;694,773417494182;13:29:15.384
862579329,847251;96,4538943225701;690,168470943915;13:29:15.413
862579345,948803;96,820790520022;687,01680371143;13:29:15.428
862579361,275021;103,035824437589;691,393921532334;13:29:15.444
862579373,821924;103,592453021899;695,098173322346;13:29:15.457
862579390,892964;105,209700419014;697,236470327651;13:29:15.474
862579406,137928;103,892190409262;702,297540595043;13:29:15.489
862579418,767368;98,1523093739751;699,789167836279;13:29:15.502
862579435,958579;93,5658211302332;691,559037446695;13:29:15.518
862579451,141961;102,781670251624;685,597644371997;13:29:15.534
862579484,741351;114,277422826165;684,756262417707;13:29:15.568
862579499,186605;128,1628302382;689,500232614879;13:29:15.581
862579510,112704;125,583985976253;688,368452666192;13:29:15.593
862579528,84603;133,907590869271;685,393399319256;13:29:15.612
862579542,607039;143,632787903325;696,940372642771;13:29:15.626
862579555,274113;145,267906626102;694,745206713586;13:29:15.638
862579572,442658;144,948711824295;697,803815347173;13:29:15.655
862579587,714136;156,814423225173;707,458381864066;13:29:15.671
862579600,185772;156,203800762919;708,297187903117;13:29:15.683
862579633,389584;145,744628051072;685,369179066563;13:29:15.716
862579644,949464;149,531799459614;693,301505503309;13:29:15.727
862579661,931553;151,460312621037;684,990289605899;13:29:15.744
862579677,645224;150,92195436524;690,837791250419;13:29:15.76
862579689,999256;148,258889491713;685,249965668756;13:29:15.773
862579706,49211;150,496324975024;686,314729583643;13:29:15.789
862579722,451254;148,163195633332;694,712075850951;13:29:15.805
862579734,895092;145,450263601164;702,877630544225;13:29:15.817
862579751,913104;164,881622666049;702,810839161389;13:29:15.835
862579781,140173;176,193745637356;698,872901583981;13:29:15.864
862579797,119417;183,513698310257;690,494678701846;13:29:15.88
862579812,476853;208,777491825806;694,479613922796;13:29:15.895
862579824,932238;206,271242148665;692,738925662724;13:29:15.908
862579842,109337;209,448576134487;694,778084814005;13:29:15.924
862579859,106822;214,411102151246;701,450236534627;13:29:15.941
862579870,068416;213,73880130937;700,94621836323;13:29:15.952
862579887,250646;208,885945568406;700,544853875825;13:29:15.97
862579902,52298;209,476044064908;703,392765853829;13:29:15.985
862579932,696017;207,304748750521;703,536014301698;13:29:16.016
862579947,878971;208,491971209371;700,213601378821;13:29:16.031
862579960,201356;210,075987406042;700,122872599223;13:29:16.043
862579977,248021;220,173436291942;704,75583368259;13:29:16.059
862579993,299537;218,327738876565;717,526713679975;13:29:16.076
862580005,195125;220,235939696846;707,951238069244;13:29:16.087
862580022,364954;226,649445632073;716,404859875349;13:29:16.105
862580037,977699;225,994466463055;714,799860814158;13:29:16.121
862580050,075566;241,365161261242;717,238952605332;13:29:16.133
862580082,135834;270,520619411673;709,567734678237;13:29:16.165
862580093,778252;287,241535144914;696,092029321913;13:29:16.176
862580110,983576;297,982512087539;693,627091555964;13:29:16.193
862580126,189623;302,200988958441;689,157033345079;13:29:16.209
862580138,819063;300,631774697001;690,606416213692;13:29:16.222
862580156,239923;299,178445003591;688,81449503715;13:29:16.239
862580171,159871;295,182627609281;686,116036926937;13:29:16.254
862580183,769211;291,00588696431;682,635967695861;13:29:16.266
862580201,000194;283,761727806007;677,937159755828;13:29:16.284
862580229,705955;281,558762840301;676,892013550138;13:29:16.313
862580245,921262;281,550236947157;678,121947186119;13:29:16.328
862580261,259454;278,155094106219;684,210214579268;13:29:16.344
862580274,019328;276,044937572541;686,037758640939;13:29:16.357
862580290,976186;273,218319891592;685,338086266846;13:29:16.374
862580306,181378;273,312721238367;686,15374302199;13:29:16.389
862580318,827496;270,828642717089;689,078872487676;13:29:16.402
862580336,013575;271,660809403384;693,396809970445;13:29:16.418
862580351,490755;275,789622789747;695,731486946488;13:29:16.434
862580383,117811;283,631684853428;697,961986451355;13:29:16.466
862580397,764916;292,719572748506;700,022247230095;13:29:16.481
862580410,154015;310,296904879816;701,913851145141;13:29:16.493
862580427,373879;332,629144708273;705,003321845525;13:29:16.51
862580442,579499;331,729182306453;705,870134125476;13:29:16.525
862580455,093044;342,016908754728;698,800769552244;13:29:16.538
862580472,304783;345,585857009136;702,662858060861;13:29:16.556
862580487,499284;346,232757075226;702,870188263421;13:29:16.571
862580500,146257;347,934951459673;705,266141173079;13:29:16.583
862580533,317995;343,104817792495;736,747556839097;13:29:16.616
862580544,815866;343,97192458695;740,288831113334;13:29:16.627
862580561,658968;345,00099101755;742,01507636949;13:29:16.644
862580577,665581;345,128865399371;745,514316557824;13:29:16.66
862580607,197566;356,183591812773;738,137291380676;13:29:16.69
862580622,498125;365,158193524314;732,873892873211;13:29:16.705
862580634,978314;363,20937444937;730,024189711985;13:29:16.718
862580652,231107;380,457938836297;724,754652204112;13:29:16.734
862580681,137864;396,159559958199;720,069380843156;13:29:16.764
862580696,728371;394,39639989139;723,335140070042;13:29:16.78
862580712,250882;395,351767843716;723,348584305366;13:29:16.795
862580741,843594;401,609332147623;714,107277356093;13:29:16.824
862580757,504664;386,183363384856;726,467533468791;13:29:16.84
862580769,922843;390,257264964131;728,230297420135;13:29:16.852
862580786,538434;406,136676677543;733,647131401702;13:29:16.869
862580802,500999;444,864347130529;727,604391579052;13:29:16.885
862580832,983228;449,375505432388;727,157759100573;13:29:16.915
862580847,393842;451,72286892397;727,269538280347;13:29:16.931
862580859,712806;466,266981688564;725,72959686114;13:29:16.943
862580877,113994;475,107302114648;723,434958428655;13:29:16.96
862580892,565942;476,021631512031;722,701799579755;13:29:16.976
862580905,146202;476,353954943351;721,567214333211;13:29:16.988
862580922,057728;476,120693553591;720,191222772972;13:29:17.005
862580937,546881;476,711610861219;719,122381556093;13:29:17.021
862580950,223363;476,818225272717;709,716497204428;13:29:17.033
862580994,046647;475,642895993923;704,803357617539;13:29:17.077
862581011,171572;464,201177243101;707,145051207434;13:29:17.093
862581026,594867;463,369578285582;707,214490410272;13:29:17.109
862581038,921101;463,103658969202;706,828691065776;13:29:17.122
862581056,223502;467,989107174305;701,517672805152;13:29:17.139
862581071,414153;471,694181806972;702,101404974823;13:29:17.154
862581083,820786;469,329100838776;702,503648817456;13:29:17.166
862581101,178782;488,158920435695;690,919376535818;13:29:17.184
862581129,686967;509,394011019609;684,31918777496;13:29:17.213
862581145,944184;510,866188566005;679,171101371469;13:29:17.228
862581161,096348;506,713069777478;679,666782698266;13:29:17.243
862581173,707826;512,437434521915;680,409121059;13:29:17.257
862581190,898182;543,904728503028;692,641776584465;13:29:17.274
862581206,010573;546,342472878282;693,58532668645;13:29:17.288
862581218,761894;548,326975885302;693,835286024473;13:29:17.301
862581235,868002;549,213245617607;694,196999054575;13:29:17.318
862581251,035133;562,169212205686;694,934844385539;13:29:17.333
862581283,31607;553,403630449333;691,371528689858;13:29:17.366
862581297,33752;561,718976786534;694,448917633362;13:29:17.38
862581309,809583;567,354080836795;695,850444101977;13:29:17.393
862581327,047836;586,856407307436;703,442125335918;13:29:17.41
862581342,520311;590,972892654179;705,804137066617;13:29:17.425
862581354,686176;595,830021549977;705,487728913649;13:29:17.439
862581372,093779;593,098933859189;707,286009887793;13:29:17.454
862581387,892981;596,437505875463;711,487171743717;13:29:17.471
862581399,82107;596,238855544326;711,118899309114;13:29:17.483
862581433,641557;582,04159737805;718,175092813795;13:29:17.516
862581445,156534;584,913749659346;713,069846137609;13:29:17.528
862581462,085166;328,671367696574;719,648572965963;13:29:17.545
862581477,614947;251,218130789386;721,016189477674;13:29:17.56
862581489,86848;163,112293937782;713,275893299712;13:29:17.572
862581507,171736;94,7206675136123;718,906108158262;13:29:17.589
862581522,552693;96,7271222938369;724,743080677032;13:29:17.605
862581534,873795;96,4433473777176;720,305668311847;13:29:17.618
862581579,877828;93,7165095577047;715,963766516448;13:29:17.663
862581595,982374;104,485170101928;718,961159740704;13:29:17.679
862581611,164473;98,8190015531965;716,427186596573;13:29:17.694
862581623,629266;86,7991391399891;705,379510946986;13:29:17.706
862581640,94749;86,7501817798238;703,156555075138;13:29:17.724
862581656,18219;87,4639598441869;704,025894432166;13:29:17.739
862581668,667511;85,1271743523433;705,755331769697;13:29:17.751
862581685,985735;95,2764068029854;710,404268130588;13:29:17.769
862581701,133622;97,9729802695935;710,464790186314;13:29:17.784
862581731,906228;105,157028788;720,66936656834;13:29:17.815
862581746,05469;110,800721864272;718,128526186986;13:29:17.829
862581758,651628;124,1932023428;712,325064781916;13:29:17.841
862581775,803923;121,918012233372;711,757846738903;13:29:17.858
862581791,191723;121,186376806728;710,952187501969;13:29:17.874
862581803,728789;123,441916469576;710,374945162266;13:29:17.886
862581820,901184;126,747262757489;709,34426577301;13:29:17.903
862581836,226546;125,137843156888;709,271042849562;13:29:17.919
862581848,736671;125,214402811622;705,098765882537;13:29:17.931
862581882,538341;123,608962530903;711,342657639553;13:29:17.965
862581893,857453;124,798096300663;714,666801750275;13:29:17.976
862581911,173111;139,329873569483;722,297589809271;13:29:17.993
862581926,520284;147,180666754348;718,349991460148;13:29:18.009
862581938,756711;142,913174761072;714,866217760993;13:29:18.021
862581956,002234;148,039838821314;714,330235260581;13:29:18.039
862581971,063307;145,922684794589;709,967486234833;13:29:18.053
862581983,687187;143,123343486882;707,728348973742;13:29:18.066
862582001,264569;135,70268461875;709,946259500776;13:29:18.084
862582029,90105;134,99543526474;708,28547127376;13:29:18.113
862582045,832824;136,157775581121;707,255522284481;13:29:18.129
862582061,035877;134,540922313687;710,285252958458;13:29:18.143
862582073,871874;133,962387165765;713,350754583623;13:29:18.156
862582090,781689;139,630809202923;718,701071073983;13:29:18.173
862582105,985171;141,419875310275;725,581881150858;13:29:18.188
862582118,568424;140,055989914582;723,828413504039;13:29:18.201
862582135,832336;137,983493118428;730,291971832377;13:29:18.219
862582150,957985;110,037988107959;727,979738350317;13:29:18.234
862582181,774639;94,8966179792308;729,543080615601;13:29:18.265
862582196,195088;88,621070452774;743,015113855415;13:29:18.279
862582208,665441;88,6854582830522;742,548164088719;13:29:18.292
862582226,184235;88,706355731284;736,259759122212;13:29:18.309
862582241,36334;92,0167226989994;738,390965484882;13:29:18.324
862582253,602333;105,283095190674;745,101064385103;13:29:18.336
862582270,766174;107,250557155259;746,01040646341;13:29:18.353
862582285,995315;105,443123391765;746,105206902242;13:29:18.368
862582298,449417;104,133959863569;745,793279524967;13:29:18.381
862582332,145457;112,281418803591;753,642926015331;13:29:18.415
862582343,542401;116,974265799572;757,770742507673;13:29:18.427
862582362,631108;116,678821948785;760,191435146607;13:29:18.445
862582376,084207;126,274549538533;760,879350982603;13:29:18.459
862582388,526762;128,513314605259;761,001751019315;13:29:18.471
862582405,899726;154,923970371808;751,744772535795;13:29:18.489
862582421,115609;156,571096147017;755,002970117144;13:29:18.504
862582433,505136;160,694677581598;758,4114607804;13:29:18.516
862582450,844742;167,412325013854;762,161329240541;13:29:18.533
862582479,733966;168,197939198845;761,659450932097;13:29:18.562
862582496,148132;166,25352164955;759,383752629233;13:29:18.579
862582511,107424;167,26422810803;759,03937182082;13:29:18.593
862582523,925031;171,227453708983;760,297867502647;13:29:18.607
862582540,911824;177,24457812796;761,768946420892;13:29:18.623
862582555,979312;191,023919896161;764,3556163176;13:29:18.638
862582568,564276;204,000722157401;765,241037752999;13:29:18.651
862582585,891908;215,963777497333;765,826675944427;13:29:18.668
862582601,254904;221,112065230147;763,761916694803;13:29:18.684
862582634,740966;227,501032373494;761,903872994743;13:29:18.718
862582648,891995;228,624784113956;763,06441812584;13:29:18.731
862582659,747103;228,913344828237;769,859926080361;13:29:18.742
862582679,140298;222,117491040684;783,301560791124;13:29:18.762
862582693,291326;223,010345168748;780,347220226555;13:29:18.776
862582704,766532;225,041466801246;777,956885748408;13:29:18.787
862582723,585817;226,810144249359;778,410452842416;13:29:18.807
862582738,411681;226,813573864764;773,665432979053;13:29:18.821
862582749,733359;226,838051847636;773,696124981309;13:29:18.832
862582794,848153;236,126754724468;792,999476593084;13:29:18.877
862582813,177348;243,007788478169;778,305273392272;13:29:18.896
862582856,371983;291,771826830301;803,136573094281;13:29:18.939
862582871,653297;302,731756329852;805,644472790341;13:29:18.956
862582884,470904;302,284605163583;806,075919318544;13:29:18.967
862582901,426051;300,765722649471;807,718629879874;13:29:18.984
862582929,359043;296,642316218099;813,487270856902;13:29:19.012
862582945,86601;311,501903123683;796,449662272574;13:29:19.029
862582960,885173;304,661343108365;787,949345808188;13:29:19.043
862582973,408982;294,66444653728;786,553614190066;13:29:19.056
862582990,617727;294,317806403098;772,868326318368;13:29:19.073
862583005,893054;288,266445956981;770,04870384022;13:29:19.088
862583018,539173;291,516648600161;770,955047091352;13:29:19.101
862583035,925821;291,923216253528;770,627450394839;13:29:19.119
862583050,920608;304,76858572572;769,448796657946;13:29:19.133
862583081,972044;319,478870225646;767,988959650479;13:29:19.164
862583096,215445;331,052720425651;761,7110677536;13:29:19.179
862583108,85472;344,216721699444;756,180371152556;13:29:19.191
862583126,054485;341,745562458102;760,306884801054;13:29:19.209
862583141,296455;338,882666571169;764,67306099289;13:29:19.224
862583153,858325;337,63337092119;764,284420669426;13:29:19.237
862583171,036707;338,990991616639;765,383502189046;13:29:19.253
862583186,259861;339,618440694688;766,153186240184;13:29:19.269
862583198,784953;341,308339138528;768,339845142405;13:29:19.281
862583232,531884;342,127780893741;766,617806150279;13:29:19.316
862583243,514433;341,806880677875;765,523328699411;13:29:19.326
862583260,920753;342,913507863015;764,752969737481;13:29:19.343
862583276,128084;343,654624721328;765,272728562485;13:29:19.358
862583288,651893;345,453605468407;766,075376880398;13:29:19.371
862583305,901693;357,569792264334;762,536753898892;13:29:19.388
862583321,073528;365,360426090741;761,503940933454;13:29:19.403
862583333,629412;399,301457599134;762,382610032796;13:29:19.417
862583350,866382;444,683208229594;762,04453614034;13:29:19.433
862583379,826168;450,977542130169;762,154025318457;13:29:19.463
862583531,747654;414,87700695128;755,801500807589;13:29:19.614
862583545,84437;432,190575787402;755,002319441061;13:29:19.628
862583558,619212;438,939333287577;757,444872287081;13:29:19.641
862583575,957536;450,651436510773;756,820769568567;13:29:19.658
862583591,022885;463,226181203951;756,720941771621;13:29:19.673
862583603,550544;471,873280308136;755,533158473543;13:29:19.686
862583620,946173;476,749327985595;757,110984878154;13:29:19.703
862583636,375883;478,797494824162;758,64811906274;13:29:19.719
862583648,624284;489,393829910735;760,49932267074;13:29:19.732
862583693,764738;507,404678307618;763,08028482259;13:29:19.776
862583711,086811;508,690254832919;762,611193779929;13:29:19.793
862583726,31253;507,952932821328;759,592669355001;13:29:19.809
862583738,638764;503,70784136161;754,297525219852;13:29:19.822
862583755,98949;506,685002320687;752,695912980387;13:29:19.838
862583771,12027;508,272679032451;755,745271023068;13:29:19.854
862583783,675299;509,983191835557;758,988937971541;13:29:19.867
862583800,949047;529,303910632736;759,373240617639;13:29:19.884
862583829,617602;533,575518213916;760,547967146808;13:29:19.913
862583845,935974;542,719833248001;763,166083839077;13:29:19.929
862583860,88885;552,791885387629;760,834934668145;13:29:19.944
862583873,622638;563,4235140078;762,100684230184;13:29:19.957
862583890,989186;571,995680080667;751,18844202085;13:29:19.973
862583906,001507;572,256791924455;750,937120105538;13:29:19.989
862583918,462452;573,640703324761;751,844618372236;13:29:20.001
862583935,838409;568,771746153958;750,743537099265;13:29:20.019
862583950,949517;568,087978013677;752,136791950695;13:29:20.034
862583981,79739;575,936547894322;752,536417899653;13:29:20.064
862583995,976643;588,831679710505;753,641678933838;13:29:20.08
862584008,559469;604,940364859964;756,524672628928;13:29:20.091
862584025,98204;609,204260189908;757,139195359224;13:29:20.109
862584041,03285;607,177079381882;756,270074493488;13:29:20.124
862584053,718312;610,201392288926;751,334271477097;13:29:20.136
862584070,947584;616,238257258286;749,166437480307;13:29:20.153
862584086,074088;618,211432420866;750,987006054833;13:29:20.168
862584098,597043;609,698881555465;751,81938227376;13:29:20.181
862584132,260581;403,753544683081;760,158793225526;13:29:20.215
862584143,702001;448,446248795128;760,556750719302;13:29:20.226
862584176,071463;368,590792240616;754,21184335647;13:29:20.258
862584188,540105;356,902960168542;752,907802603992;13:29:20.271
862584220,997235;136,153910394823;742,174588485141;13:29:20.304
862584233,586475;132,805496223081;742,223766755114;13:29:20.316
862584279,585228;102,556985453041;756,448134466364;13:29:20.362
862584295,584571;98,4349973454218;755,720978562587;13:29:20.378
862584310,965956;89,438075531799;761,199914366426;13:29:20.393
862584323,466673;94,3152324456869;768,864763830648;13:29:20.406
862584340,997012;92,3290535579752;772,683343776363;13:29:20.424
862584356,012327;97,5304043173161;775,162524150407;13:29:20.439
862584368,566072;101,468593214982;773,819443980891;13:29:20.452
862584385,873177;102,183687391186;773,355614731002;13:29:20.468
862584400,94879;94,8702365606618;768,499968178081;13:29:20.484
862584431,759457;108,629726265703;769,632662584768;13:29:20.515
862584446,016971;107,886477096077;766,823220174844;13:29:20.528
862584458,601507;108,493238492328;766,017788283938;13:29:20.542
862584475,676825;118,825471824541;759,126138501901;13:29:20.559
862584491,242955;113,732012963788;761,950758894915;13:29:20.574
862584503,601263;138,313840380737;762,108027703192;13:29:20.586
862584520,71507;139,077048703884;763,010036711673;13:29:20.604
862584535,936085;135,192208087376;764,945309297403;13:29:20.622
862584548,567235;134,629083325688;763,393522382843;13:29:20.631
862584729,3788;278,702248400591;779,390555763575;13:29:20.812
862584745,654835;267,828878567913;797,035901942415;13:29:20.828
862584760,9122;268,511714759683;789,072876195068;13:29:20.844
862584773,206788;271,034148712223;786,791368142014;13:29:20.856
862584790,717456;279,510630190944;789,89125942037;13:29:20.873
862584805,859783;280,532359949533;788,301314961964;13:29:20.889
862584818,475966;279,745320233174;789,673940860189;13:29:20.901
862584835,862186;260,703093208164;787,738628316734;13:29:20.919
862584851,071655;257,021892742792;788,005458139352;13:29:20.933
862584881,85709;263,234027669871;789,703722425684;13:29:20.964
862584895,85117;262,447088548241;790,03773827996;13:29:20.979
862584908,478044;265,217628135579;791,24024313762;13:29:20.991
862584926,073815;263,207146757585;798,231651370279;13:29:21.009
862584941,011296;261,220540318441;801,763116993448;13:29:21.024
862584953,367893;258,33199572453;802,278189517856;13:29:21.036
862584970,711777;258,128594928108;801,660838131363;13:29:21.053
862584985,956313;257,202485571509;800,755848702092;13:29:21.068
862584998,451897;265,022590001215;794,740971222166;13:29:21.081
862585031,861837;287,958736693148;791,295695649658;13:29:21.115
862585043,363985;293,690484353407;791,617548104724;13:29:21.126
862585060,588125;325,696123834138;787,94316832405;13:29:21.144
862585075,866873;327,918826388846;787,719499905823;13:29:21.159
862585088,367162;329,95074466756;789,219772688547;13:29:21.171
862585105,670846;328,361638430912;792,946298654694;13:29:21.189
862585120,965845;328,103449492156;791,531595323937;13:29:21.204
862585133,495642;324,764011746439;788,549682398974;13:29:21.218
862585150,88058;319,605793428348;784,468007885711;13:29:21.234
862585198,031857;321,519812557184;807,200652640484;13:29:21.28
862585242,982433;351,808017353643;818,073148538482;13:29:21.326
862585334,250363;405,11291984498;803,829775413598;13:29:21.417
862585348,342375;389,249277189961;789,417317258022;13:29:21.431
862585359,50796;394,13463156487;791,266336017398;13:29:21.442
862585378,143354;387,828274344524;803,428524218451;13:29:21.46
862585392,282408;390,912705072143;802,626718263208;13:29:21.475
862585404,572292;393,818385957272;801,688558099265;13:29:21.487
862585422,006837;392,828507886506;804,000172168512;13:29:21.504
862585437,623859;417,754171790532;808,221689393469;13:29:21.521
862585449,800414;432,247786286143;808,982948611671;13:29:21.532
862585482,170303;437,872106964691;794,041055980219;13:29:21.565
862585493,535174;436,449767012279;793,170832425997;13:29:21.577
862585511,074067;436,774363967631;791,841468966196;13:29:21.594
862585525,951677;438,839031760593;791,922542201664;13:29:21.609
862585538,780831;441,645208957447;793,978738134349;13:29:21.622
862585555,982305;444,450221104047;798,667720320961;13:29:21.639
862585571,361125;442,508168685045;796,029598052877;13:29:21.654
862585583,678378;441,92530944136;792,237807754064;13:29:21.667
862585601,049203;440,133446834482;791,460860664941;13:29:21.684
862585629,64078;437,011005032959;787,298551688419;13:29:21.712
862585645,951027;437,858027711077;786,020035848687;13:29:21.729
862585661,095065;451,515903759164;785,104014708916;13:29:21.744
862585673,636836;472,331642584883;781,767226806251;13:29:21.756
862585690,914005;480,939565551438;780,812719869685;13:29:21.775
862585706,004586;476,674563570795;780,288011509036;13:29:21.788
862585718,514711;475,386625585043;781,090645326937;13:29:21.801
862585735,817967;474,721077055052;781,409263089416;13:29:21.819
862585750,894436;479,549236629137;782,332051383213;13:29:21.833
862585783,024839;476,208854630529;805,14452696467;13:29:21.866
862585797,386272;470,980559948704;806,00787599095;13:29:21.88
862585809,606448;473,824086655808;807,857594815771;13:29:21.892
862585827,084615;478,832752490797;808,641033283767;13:29:21.91
862585842,477974;498,92620314302;805,293075402526;13:29:21.926
862585854,903423;504,214497076474;807,635692354032;13:29:21.937
862585872,28665;521,319283780812;805,491858690743;13:29:21.955
862585887,675305;524,382272036352;806,682372749872;13:29:21.97
862585900,338958;540,530324773159;809,589124223059;13:29:21.983
862585933,072779;573,493224316102;822,137743687422;13:29:22.016
862585944,856749;570,673082804621;819,69018425159;13:29:22.028
862585961,732353;589,333494571487;828,368535652206;13:29:22.044
862585977,261706;585,420758378647;829,392793414336;13:29:22.06
862585989,834268;575,444494754985;832,132161059782;13:29:22.072
862586022,150272;550,337141984531;834,776591432818;13:29:22.104
862586051,645479;546,996156908704;845,97016788635;13:29:22.134
862586246,026037;107,486158956693;796,583615764174;13:29:22.329
862586258,459612;117,481468380906;801,84039435714;13:29:22.341
862586275,68418;116,331642864788;796,725068539909;13:29:22.358
862586291,122015;113,803650456781;794,209167715986;13:29:22.374
862586303,748889;112,546217028039;792,455350893033;13:29:22.386
862586320,91829;114,969704028696;794,104391690769;13:29:22.404
862586336,219276;125,064494903901;796,894374217056;13:29:22.421
862586348,741803;126,630120905355;797,132366233307;13:29:22.432
862586529,468693;128,198511318898;803,012408887189;13:29:22.612
862586860,713513;650,68541999877;791,891655372856;13:29:22.943
862586875,933245;682,953986220472;792,95379359156;13:29:22.959
862586888,276158;681,712400130373;797,542586801456;13:29:22.971
862586905,624317;700,993734740783;796,270206889282;13:29:22.988
862586920,92231;709,232359079084;793,183646815788;13:29:23.003
862586933,514972;710,265952469077;792,236299078443;13:29:23.016
862586951,029488;720,878311481931;793,217241796023;13:29:23.034
862587011,14634;718,88390609763;782,706194465639;13:29:23.094
862587023,703507;532,971336567405;798,919689368426;13:29:23.106
862587040,826721;291,990178331269;806,244136115925;13:29:23.124
862587055,998556;293,464002507654;806,594447711392;13:29:23.138
862587068,594639;296,488207133084;806,527652413739;13:29:23.151
862587085,837596;294,497923860032;804,238011245404;13:29:23.168
862587101,104798;295,348494661171;796,598413580667;13:29:23.184
862587131,741838;295,206606381864;797,012014782059;13:29:23.215
862587145,98139;292,966601689794;799,028963711177;13:29:23.229
862587158,440624;294,71617501967;797,452832942554;13:29:23.241
862587175,743881;306,628953614918;801,17737058867;13:29:23.258
862587190,85114;347,765265517063;812,512587726523;13:29:23.274
862587203,492126;351,854856702121;812,703890873604;13:29:23.286
862587220,578135;360,203907444942;806,929459829847;13:29:23.305
862587235,986035;361,622342538948;804,720669434282;13:29:23.319
862587248,383259;360,542409296956;803,659667890305;13:29:23.331
862587281,924916;357,136568642947;798,389273282677;13:29:23.364
862587293,393279;359,88528999688;800,001346073773;13:29:23.376
862587310,812429;361,620617348729;798,428982189643;13:29:23.393
862587338,413135;366,2886047423;798,990312179141;13:29:23.421
862587355,662079;372,863484933883;804,451668533624;13:29:23.439
862587370,721014;371,45406093962;797,061669160339;13:29:23.453
862587383,48046;372,788579941953;799,679156800723;13:29:23.466
862587400,661835;386,193277658708;797,130701353651;13:29:23.483
862587429,698171;393,574247279734;796,658486623377;13:29:23.512
862587445,975916;393,240413322617;796,123400798598;13:29:23.529
862587460,983533;419,950785365069;805,55473617869;13:29:23.544
862587473,563365;418,680975083867;804,900469475168;13:29:23.556
862587491,03084;413,36847522526;807,721012624089;13:29:23.574
862587506,024344;413,862382348488;809,5566051164;13:29:23.589
862587518,651218;416,028088110302;811,686681226258;13:29:23.601
862587535,880918;421,025225409884;812,626391457693;13:29:23.619
862587550,845341;420,921786940251;814,557148725197;13:29:23.633
862587582,741818;418,922035940713;812,58217830666;13:29:23.666
862587597,0143;418,807580502621;815,219309512867;13:29:23.679
862587609,697624;428,682584727314;808,452132050154;13:29:23.692
862587626,899526;438,66353433201;804,071682404624;13:29:23.71
862587641,986259;477,013353417;804,479448368472;13:29:23.725
862587654,665734;475,53177407531;805,248883635239;13:29:23.737
862587671,876617;477,84415614773;821,236871596729;13:29:23.754
862587687,040754;483,285197988556;826,657134464046;13:29:23.77
862587699,827998;487,38506659196;827,127668626828;13:29:23.782
862587733,625392;497,90399838837;857,720295079734;13:29:23.817
862587744,548069;493,987345894652;851,530065848066;13:29:23.827
862587763,021811;502,797874712045;860,002140026478;13:29:23.845
862587777,62273;505,785817428808;857,094731097056;13:29:23.86
862587789,772343;506,936687743661;854,537438472461;13:29:23.872
862587807,076455;506,987500332915;849,469444401689;13:29:23.889
862587822,398824;507,058662477133;849,898317043094;13:29:23.905
862587834,69726;507,294332661373;848,433295482995;13:29:23.918
862587852,398234;509,462251840024;842,965080169605;13:29:23.935
862587879,481052;517,400803179339;797,328917648303;13:29:23.962
862587895,642475;520,095078006349;798,939021766604;13:29:23.979
862587923,489509;522,560926869769;791,996003594327;13:29:24.007
862587940,693122;527,013559342776;805,010952419748;13:29:24.024
862587955,85726;528,868014815833;808,167142163646;13:29:24.038
862587968,452487;527,915668891291;807,791888970623;13:29:24.051
862588000,829646;521,870346392884;810,684295295172;13:29:24.083
862588032,667963;506,924540020778;810,900195660289;13:29:24.115
862588047,222695;340,021638732003;816,977063355056;13:29:24.13
862588059,462971;310,070356593048;818,581048211192;13:29:24.143
862588076,799156;269,437077997392;820,950057099067;13:29:24.159
862588091,766146;253,114790763534;827,427946639749;13:29:24.174
862588104,640203;190,512911127187;833,454011493255;13:29:24.187
862588121,687723;102,40831793106;853,486226762128;13:29:24.204
862588137,462976;110,985745306063;844,49043587788;13:29:24.22
862588149,717792;103,584731326574;837,741687348317;13:29:24.233
862588183,005851;124,256921521754;850,533896377434;13:29:24.265
862588194,569153;116,027878505637;835,181385457093;13:29:24.277
862588211,357943;117,666170341486;841,761725520079;13:29:24.294
862588227,026283;109,475579588739;827,859778985535;13:29:24.31
862588346,239607;1049,46957085076;1302,33980512967;13:29:24.431
862588391,407431;1537,24628598671;1451,6286980908;13:29:24.474
862588406,669501;1530,47006842737;1458,28341398056;13:29:24.489
862588419,464442;1520,59715005299;1456,52520241947;13:29:24.502
862588436,453373;1517,89091996802;1453,39247724625;13:29:24.519
862588451,326279;1518,57602064353;1445,52359157256;13:29:24.534
862588496,372222;1508,55495601429;1437,45557055691;13:29:24.579
862588509,542642;1473,04780389174;1420,11972433954;13:29:24.593
862588526,833069;1420,00614178679;1394,09185407022;13:29:24.61
862588541,849239;1413,180038415;1394,55584281234;13:29:24.625
862588554,970907;1396,94355684581;1395,63497138272;13:29:24.637
862588571,682719;1405,36612680057;1396,13777705663;13:29:24.655
862588586,566316;1394,50635839808;1395,46564046382;13:29:24.669
862588599,267174;1414,71672441226;1398,40216585387;13:29:24.682
862588632,454735;1428,54226870051;1406,20202064789;13:29:24.715
862588644,173702;1447,38228566431;1424,5821116659;13:29:24.727
862588661,431627;1391,46802783198;1402,97425297051;13:29:24.744
862588676,067614;1391,48886138411;1404,28097235977;13:29:24.758
862588706,24621;1394,05014498748;1411,45346510084;13:29:24.789
862588721,020328;1385,17948429973;1422,16184541691;13:29:24.804
